Load factor(alpha),Avg found,Max found,Avg nfound,Max nfound
0.800000,1.07,5,5.71,43,
0.850000,1.07,3,7.39,40,
0.900000,1.07,3,10.73,78,
0.950000,1.09,4,20.72,236,
0.990000,1.08,3,99.66,613,
